Comic Book,Release Year,Title,Gross,RottenTomScore,InflationGross
DC,2008,The Dark Knight,534.35,0.94,534.35
DC,2012,The Dark Knight Rises,448.13,0.87,448.13
DC,2017,Wonder Woman,412.56,,412.56
DC,2016,Batman vs. Superman:DOJ,330.36,0.27,330.36
DC,2016,Suicide Squad,325.1, ,325.1
DC,2013,Man of Steel,291.05,0.55,291.05
DC,1989,Batman,251.19,0.72,576.66
DC,2017,Justice League,229.02, ,229.02
DC,2005,Batman Begins,205.34,0.84,205.34
DC,2006,Superman Returns,200.08,0.75,200.08
DC,1995,Batman Forever,184.03,0.39,184.03
DC,2017,The Lego Batman,175.75, ,175.75
DC,1992,Batman Returns,162.83,0.81,359.41
DC,1978,Superman,134.22,0.94,525.4
DC,2011,Green Lantern,116.6, ,116.6
DC,1981,Superman 2,108.19,0.85,356.47
DC,2009,Watchmen,107.51, ,107.51
DC,1997,Batman & Robin,107.32, ,107.32
DC,2010,Red,90.38, ,90.38
DC,2005,Constantine,75.97, ,75.94
DC,2006,V for Vendetta,70.51, ,70.51
DC,1983,Superman 3,59.95,0.25,59.95
DC,2013,Red 2,53.26, ,53.26
DC,2004,Catwoman,40.2,,40.2
DC,2010,The Losers,23.59, ,23.59
DC,1987,Superman 4:QFP,15.68,0.12,15.68
DC,1984,Supergirl,14.29, ,14.29
DC,2010,Jonah Hex,10.54, ,10.54
DC,1993,Batman:MoTP,5.62, ,5.62
DC,1997,Steel,1.71, ,1.71
Marvel,2018,Black Panther,681.37, ,681.37
Marvel,2012,Marvel's Avengers,623.36, ,623.37
Marvel,2015,Avengers 2:AoU,459.01, ,459.01
Marvel,2013,Iron Man 3,409.01, ,409.01
Marvel,2016,Cpt America 3:CW,408.08, ,408.08
Marvel,2002,Spider-Man,403.7,0.89,403.7
Marvel,2017,Guardians oTG vol 2,389.81, ,389.81
Marvel,2004,Spider-Man 2,373.59,0.93,373.59
Marvel,2016,Deadpool,363.07, ,363.07
Marvel,2007,Spider-Man 3,336.53,0.63,336.53
Marvel,2017,Spider-Man HC,334.2,0.92,334.2
Marvel,2014,Guardians oTG,333.18, ,333.18
Marvel,2008,Iron Man ,318.41, ,318.41
Marvel,2017,Thor 3,315.06, ,315.06
Marvel,2010,Iron Man 2,312.43, ,312.43
Marvel,2012,TA Spider-Man,262.03,0.73,262.03
Marvel,2014,Cpt America 2:WS,259.77, ,259.77
Marvel,2006,X-Men 3,234.36,0.58,234.36
Marvel,2014,X-Men DoFP,233.92,0.9,233.92
Marvel,2016,Dr. Strange,232.64, ,232.64
Marvel,2017,Logan,226.27,  ,226.27
Marvel,2009,X-Men Wolverine,214.95, ,241.95
Marvel,2011,Cpt America,206.36, ,206.36
Marvel,2000,X-Men,202.85,0.81,202.85
Marvel,2016,X-Men Apocalypse,181.03,0.48,181.03
Marvel,2005,Fantastic Four,180.2,0.27,180.2
Marvel,2011,X-Men FC,146.4,0.86,146.4
Marvel,2008,Incredible Hulk,134.81,0.67,134.81
Marvel,2013,The Wolverine,132.56, ,132.56
Marvel,2003,Hulk,132.17,0.62,132.17
Marvel,2015,Fantastic Four(Reboot),56.18,0.09,56.18
Marvel,1998,Blade,70.09,,70.09
